scenario,opex,capex,gamma_sc,gamma_ss,gamma_ch,co2
cost1,29.091016627106036,11.369605736352424,0.7555422078354931,0.3317498645034866,1.1,53.876442012509635
cost2,19.17087736117823,20.3287520937183,0.9742822012023341,0.13930015706172139,0.4372143168777379,33.39766412727851
cost3,14.191233960116104,20.98378927840926,0.7701947197672598,0.23202359953378382,0.8642237403800044,30.403160644570985
