scenario,opex,capex,gamma_sc,gamma_ss,gamma_ch,co2
cost1,4.026579364339162,3.7290198617111505,0.22,0.45,0.0,9.077005472152441
cost2,3.2376584608658714,6.235263798995826,0.91,0.06,0.63,6.320351861311613
cost3,3.016090184363951,6.274098160324528,0.93,0.15,0.69,6.06027076246332
